{
  "strategy": "feature_selection",
  "num_features": 40,
  "total_features": 120,
  "selected_feature_indices": [
    69,
    71,
    56,
    101,
    116,
    68,
    66,
    61,
    54,
    60,
    45,
    46,
    91,
    53,
    92,
    114,
    113,
    108,
    51,
    99,
    90,
    98,
    62,
    70,
    11,
    105,
    96,
    115,
    100,
    93,
    106,
    111,
    3,
    86,
    107,
    8,
    55,
    6,
    47,
    9
  ],
  "logreg_C": 1.0,
  "float_accuracy": 0.8245826276312606,
  "quantized_accuracy": 0.6189208807161868,
  "feature_importances": [
    0.010881712242351292,
    0.010818246902847857,
    0.009971491681712904,
    0.012202431439632552,
    0.006158785432508803,
    0.004349498863594188,
    0.011851230575954021,
    0.0014323639486786726,
    0.01186696047678695,
    0.011751417392455164,
    0.010450834845672368,
    0.0128166027423636,
    0.0056411295100509285,
    0.0015796274760616082,
    0.00488635881413837,
    0.007792409390848063,
    0.007979310523574232,
    0.007382989998201982,
    0.00891431911644703,
    0.004315781306466386,
    0.002041080082677783,
    0.008368815694445265,
    0.001371456580860652,
    0.008250417756615079,
    0.008461507499238538,
    0.007697947157473895,
    0.008532327094017769,
    0.003358792159176999,
    0.0015192506228063427,
    0.004146291652019327,
    0.006116644956383541,
    0.006945447056987294,
    0.006634321388357375,
    0.006127370288028276,
    0.0029496711552462218,
    0.0016902536023830391,
    0.005984325386446545,
    0.0012406221098932586,
    0.00640486717066042,
    0.005934704600389881,
    0.005957065931584332,
    0.007690079702222333,
    0.0028006105179361313,
    0.0013530550349082986,
    0.0031374533991515674,
    0.01487365857692399,
    0.014783660759566957,
    0.011834288680986436,
    0.007874857593871402,
    0.004009652801606357,
    0.0053896175182741235,
    0.013893886653830869,
    0.0013544741062792764,
    0.01446455652019442,
    0.015231422418506314,
    0.011861098827671614,
    0.017586454310976572,
    0.005980390965042026,
    0.0015753527032085976,
    0.005413238428204933,
    0.01515139101945754,
    0.015435022405720809,
    0.012873540739605257,
    0.005799556936968459,
    0.003279421742780753,
    0.00955412884746063,
    0.015976671023237767,
    0.0015494424800479678,
    0.01602662973689766,
    0.019611407920501787,
    0.012860845214486123,
    0.01857610693021754,
    0.0060004713437914695,
    0.0016340278024539053,
    0.00449250268610479,
    0.010030886807139183,
    0.010510482336647406,
    0.008530502150170198,
    0.007248692911453608,
    0.005066945373815662,
    0.00492618072096902,
    0.010071118866265352,
    0.0013197654595474778,
    0.010281551846202282,
    0.01116125314576056,
    0.0101329031967755,
    0.012069199778100717,
    0.004728339423070777,
    0.0015315736711332903,
    0.004000335601267887,
    0.013243374458511916,
    0.014748053091925695,
    0.014271238424512212,
    0.01275174117051523,
    0.005213240273264501,
    0.005238735311460194,
    0.01277515594061027,
    0.0013801276241164387,
    0.013229440654852202,
    0.013775133233028902,
    0.012759707244322698,
    0.016766367443416846,
    0.0056642407183114364,
    0.0014998405902475012,
    0.005691107308578894,
    0.012813050762949503,
    0.012392421996014511,
    0.011882792105818506,
    0.013917390621171543,
    0.007446064584871333,
    0.004510613610212596,
    0.012209478825240974,
    0.0015217834181354118,
    0.013918250047380083,
    0.01423661656311062,
    0.012770518650985684,
    0.01629122668954048,
    0.005391142761454507,
    0.0016520886176670997,
    0.005723666994319771
  ]
}