{"num_features": 120, "float": 0.8947495765787563, "quant": 0.6498911202516332}